cat_pais,eng_cat_pais
Argentina,Argentina
Bolivia,Bolivia
Brasil,Brazil
Chile,Chile
Colombia,Colombia
Costa Rica,Costa Rica
Ecuador,Ecuador
El Salvador,El Salvador
Guatemala,Guatemala
Honduras,Honduras
México,Mexico
Panamá,Panama
Paraguay,Paraguay
Perú,Peru
Rep. Dominicana,Dominican Repub
Uruguay,Uruguay
Venezuela,Venezuela
Nicaragua,Nicaragua
